<?xml version="1.0" encoding="UTF-8"?>
<CustomField xmlns="http://soap.sforce.com/2006/04/metadata">
    <fullName>Description__c</fullName>
    <description>Admin description for internal reference</description>
    <externalId>false</externalId>
    <inlineHelpText>Admin description for internal reference</inlineHelpText>
    <label>Description</label>
    <required>false</required>
    <trackHistory>false</trackHistory>
    <trackTrending>false</trackTrending>
    <type>TextArea</type>
</CustomField>
