<?xml version="1.0" encoding="UTF-8"?>
<CustomField xmlns="http://soap.sforce.com/2006/04/metadata">
    <fullName>Help_Text__c</fullName>
    <description>Displayed to the user while applying Tag to a given Object, or when viewing tags that are applied already.</description>
    <externalId>false</externalId>
    <inlineHelpText>Displayed to the user while applying Tag to a given Object, or when viewing tags that are applied already.</inlineHelpText>
    <label>Help Text</label>
    <required>true</required>
    <trackHistory>false</trackHistory>
    <trackTrending>false</trackTrending>
    <type>TextArea</type>
</CustomField>
