{
    "packageDirectories": [
        {
            "path": "force-app",
            "default": true,
            "package": "TagIt App",
            "versionName": "v9",
            "versionNumber": "9.1.0.NEXT",
            "ancestorId": "TagIt App@8.0.0-1"
        }
    ],
    "namespace": "tagitapp",
    "sfdcLoginUrl": "https://login.salesforce.com",
    "sourceApiVersion": "51.0",
    "packageAliases": {
        "TagIt App": "0Ho3h0000004CAQCA2",
        "TagIt App@0.1.0-1": "04t3h000001rWDCAA2",
        "TagIt App@0.1.0-2": "04t3h000001rYwtAAE",
        "TagIt App@0.1.0-3": "04t3h000001sNLGAA2",
        "TagIt App@0.1.0-4": "04t3h000001sNTbAAM",
        "TagIt App@0.1.0-5": "04t3h000001sPXgAAM",
        "TagIt App@0.1.0-6": "04t3h000001sPg1AAE",
        "TagIt App@0.1.0-7": "04t3h000001sVbpAAE",
        "TagIt App@0.1.0-8": "04t3h000001sVwYAAU",
        "TagIt App@0.1.0-9": "04t3h000001scD5AAI",
        "TagIt App@0.1.0-10": "04t3h000001scDAAAY",
        "TagIt App@1.0.0-0": "04t3h000001scPdAAI",
        "TagIt App@1.1.0-0": "04t3h000001sccBAAQ",
        "TagIt App@2.0.0-1": "04t3h000001sfDXAAY",
        "TagIt App@2.1.0-1": "04t3h000001sfQ0AAI",
        "TagIt App@2.1.0-2": "04t3h000001sfgbAAA",
        "TagIt App@2.2.0-1": "04t3h000001sfggAAA",
        "TagIt App@3.0.0-0": "04t3h000001sfxHAAQ",
        "TagIt App@3.1.0-0": "04t3h000001sfxMAAQ",
        "TagIt App@3.2.0-0": "04t3h000001sgE2AAI",
        "TagIt App@3.3.0-0": "04t3h000001sgIFAAY",
        "TagIt App@3.4.0-0": "04t3h000001syZrAAI",
        "TagIt App@4.0.0-0": "04t3h000002Rg02AAC",
        "TagIt App@4.0.0-1": "04t3h000002Rg0CAAS",
        "TagIt App@4.0.0-2": "04t3h000002RgPWAA0",
        "TagIt App@5.0.0-0": "04t3h000002RgPbAAK",
        "TagIt App@6.0.0-0": "04t3h000002RgPlAAK",
        "TagIt App@7.0.0-0": "04t3h000002RgkiAAC",
        "TagIt App@7.1.0-0": "04t3h000003VP2lAAG",
        "TagIt App@7.2.0-0": "04t3h000004YgIYAA0",
        "TagIt App@7.3.0-0": "04t3h000004Yr2DAAS",
        "TagIt App@7.4.0-4": "04t3h000004Rd39AAC",
        "TagIt App@7.4.0-5": "04t3h000004Rd3EAAS",
        "TagIt App@7.5.0-1": "04t3h000004Rd3nAAC",
        "TagIt App@8.0.0-1": "04t3h0000045tZmAAI",
        "TagIt App@8.0.0-2": "04t3h0000045tZrAAI",
        "TagIt App@9.0.0-1": "04t3h0000045tjAAAQ",
        "TagIt App@9.0.0-2": "04t3h0000045tjFAAQ",
        "TagIt App@9.0.0-3": "04t3h0000045tjKAAQ",
        "TagIt App@9.1.0-1": "04t3h0000045tjjAAA"
    }
}