<?xml version="1.0" encoding="UTF-8"?>
<CustomField xmlns="http://soap.sforce.com/2006/04/metadata">
    <fullName>Status__c</fullName>
    <defaultValue>&quot;Current&quot;</defaultValue>
    <externalId>false</externalId>
    <label>Status</label>
    <required>true</required>
    <trackHistory>false</trackHistory>
    <trackTrending>false</trackTrending>
    <type>Picklist</type>
    <valueSet>
        <restricted>true</restricted>
        <valueSetDefinition>
            <sorted>false</sorted>
            <value>
                <fullName>Current</fullName>
                <default>false</default>
                <label>Current</label>
            </value>
            <value>
                <fullName>Archived</fullName>
                <default>false</default>
                <label>Archived</label>
            </value>
            <value>
                <fullName>Removed</fullName>
                <default>false</default>
                <label>Removed</label>
            </value>
        </valueSetDefinition>
    </valueSet>
</CustomField>
