<?xml version="1.0" encoding="UTF-8"?>
<CustomField xmlns="http://soap.sforce.com/2006/04/metadata">
    <fullName>Tag__c</fullName>
    <externalId>false</externalId>
    <label>Tag</label>
    <referenceTo>Tag__c</referenceTo>
    <relationshipLabel>Object Tag</relationshipLabel>
    <relationshipName>Object_Tag</relationshipName>
    <relationshipOrder>0</relationshipOrder>
    <reparentableMasterDetail>false</reparentableMasterDetail>
    <trackHistory>false</trackHistory>
    <trackTrending>false</trackTrending>
    <type>MasterDetail</type>
    <writeRequiresMasterRead>true</writeRequiresMasterRead>
</CustomField>
