{
  "name" : "TagitLookup_tp",
  "label" : "TagitLookup",
  "folder" : {
    "id" : "${App.Folder.Id}"
  },
  "dateVersion" : 1,
  "mobileDisabled" : false,
  "xmd" : {
    "measures" : [ ],
    "derivedDimensions" : [ ],
    "organizations" : [ ],
    "showDetailsDefaultFields" : [ ],
    "dates" : [ ],
    "derivedMeasures" : [ ],
    "dimensions" : [ ]
  },
  "state" : {
    "dataSourceLinks" : [ ],
    "filters" : [ ],
    "gridLayouts" : [
      {
        "name" : "Default",
        "numColumns" : 12,
        "pages" : [
          {
            "label" : "Untitled",
            "name" : "c32cf05d-d6b4-4f56-953d-173407a32217",
            "navigationHidden" : false,
            "widgets" : [
              {
                "colspan" : 9,
                "column" : 0,
                "name" : "chart_1",
                "row" : 0,
                "rowspan" : 5,
                "widgetStyle" : {
                  "borderEdges" : [ ]
                }
              }
            ]
          }
        ],
        "rowHeight" : "normal",
        "selectors" : [ ],
        "style" : {
          "alignmentX" : "left",
          "alignmentY" : "top",
          "backgroundColor" : "#F2F6FA",
          "cellSpacingX" : 8,
          "cellSpacingY" : 8,
          "fit" : "original",
          "gutterColor" : "#C5D3E0"
        },
        "version" : 1.0
      }
    ],
    "layouts" : [ ],
    "steps" : {
      "Name_1" : {
        "broadcastFacet" : true,
        "datasets" : [ ],
        "isGlobal" : false,
        "query" : {
          "query" : {
            "measures" : [
              [
                "count",
                "*"
              ]
            ],
            "groups" : [
              "Name"
            ]
          },
          "version" : -1.0
        },
        "receiveFacetSource" : {
          "mode" : "all",
          "steps" : [ ]
        },
        "selectMode" : "single",
        "sobject" : "tagitapp__Tag__c",
        "type" : "aggregateflex",
        "useGlobal" : true,
        "visualizationParameters" : {
          "parameters" : {
            "autoFitMode" : "keepLabels",
            "showValues" : true,
            "bins" : {
              "breakpoints" : {
                "high" : 100,
                "low" : 0
              },
              "bands" : {
                "high" : {
                  "color" : "#008000",
                  "label" : ""
                },
                "low" : {
                  "color" : "#B22222",
                  "label" : ""
                },
                "medium" : {
                  "color" : "#ffa500",
                  "label" : ""
                }
              }
            },
            "legend" : {
              "descOrder" : false,
              "showHeader" : true,
              "show" : true,
              "customSize" : "auto",
              "position" : "right-top",
              "inside" : false
            },
            "axisMode" : "multi",
            "tooltip" : {
              "showBinLabel" : true,
              "measures" : "",
              "showNullValues" : true,
              "showPercentage" : true,
              "showDimensions" : true,
              "showMeasures" : true,
              "customizeTooltip" : false,
              "dimensions" : ""
            },
            "visualizationType" : "hbar",
            "title" : {
              "fontSize" : 14,
              "subtitleFontSize" : 11,
              "label" : "",
              "align" : "center",
              "subtitleLabel" : ""
            },
            "binValues" : false,
            "trellis" : {
              "flipLabels" : false,
              "showGridLines" : true,
              "size" : [
                100,
                100
              ],
              "enable" : false,
              "type" : "x",
              "chartsPerLine" : 4
            },
            "columnMap" : {
              "trellis" : [ ],
              "dimensionAxis" : [
                "Name"
              ],
              "plots" : [
                "count"
              ]
            },
            "showActionMenu" : true,
            "measureAxis2" : {
              "sqrtScale" : false,
              "showTitle" : true,
              "showAxis" : true,
              "title" : "",
              "customDomain" : {
                "showDomain" : false
              }
            },
            "measureAxis1" : {
              "sqrtScale" : false,
              "showTitle" : true,
              "showAxis" : true,
              "title" : "",
              "customDomain" : {
                "showDomain" : false
              }
            },
            "theme" : "wave",
            "dimensionAxis" : {
              "showTitle" : true,
              "customSize" : "auto",
              "showAxis" : true,
              "title" : "",
              "icons" : {
                "useIcons" : false,
                "iconProps" : {
                  "fit" : "cover",
                  "column" : "",
                  "type" : "round"
                }
              }
            },
            "applyConditionalFormatting" : true
          },
          "type" : "chart"
        }
      }
    },
    "widgetStyle" : {
      "backgroundColor" : "#FFFFFF",
      "borderColor" : "#E6ECF2",
      "borderEdges" : [ ],
      "borderRadius" : 0,
      "borderWidth" : 1
    },
    "widgets" : {
      "chart_1" : {
        "parameters" : {
          "autoFitMode" : "keepLabels",
          "showValues" : true,
          "bins" : {
            "breakpoints" : {
              "high" : 100,
              "low" : 0
            },
            "bands" : {
              "high" : {
                "color" : "#008000",
                "label" : ""
              },
              "low" : {
                "color" : "#B22222",
                "label" : ""
              },
              "medium" : {
                "color" : "#ffa500",
                "label" : ""
              }
            }
          },
          "legend" : {
            "descOrder" : false,
            "showHeader" : true,
            "show" : true,
            "customSize" : "auto",
            "position" : "right-top",
            "inside" : false
          },
          "axisMode" : "multi",
          "tooltip" : {
            "showBinLabel" : true,
            "measures" : "",
            "showNullValues" : true,
            "showPercentage" : true,
            "showDimensions" : true,
            "showMeasures" : true,
            "customizeTooltip" : false,
            "dimensions" : ""
          },
          "visualizationType" : "hbar",
          "exploreLink" : true,
          "title" : {
            "fontSize" : 14,
            "subtitleFontSize" : 11,
            "label" : "",
            "align" : "center",
            "subtitleLabel" : ""
          },
          "binValues" : false,
          "trellis" : {
            "flipLabels" : false,
            "showGridLines" : true,
            "size" : [
              100,
              100
            ],
            "enable" : false,
            "type" : "x",
            "chartsPerLine" : 4
          },
          "columnMap" : {
            "trellis" : [ ],
            "dimensionAxis" : [
              "Name"
            ],
            "plots" : [
              "count"
            ]
          },
          "showActionMenu" : true,
          "measureAxis2" : {
            "sqrtScale" : false,
            "showTitle" : true,
            "showAxis" : true,
            "title" : "",
            "customDomain" : {
              "showDomain" : false
            }
          },
          "measureAxis1" : {
            "sqrtScale" : false,
            "showTitle" : true,
            "showAxis" : true,
            "title" : "",
            "customDomain" : {
              "showDomain" : false
            }
          },
          "theme" : "wave",
          "step" : "Name_1",
          "dimensionAxis" : {
            "showTitle" : true,
            "customSize" : "auto",
            "showAxis" : true,
            "title" : "",
            "icons" : {
              "useIcons" : false,
              "iconProps" : {
                "fit" : "cover",
                "column" : "",
                "type" : "round"
              }
            }
          },
          "applyConditionalFormatting" : true
        },
        "type" : "chart"
      }
    }
  }
}