{
  "templateType" : "app",
  "label" : "TagitBI",
  "name" : "TagitBI",
  "namespace" : "tagitapp",
  "description" : "",
  "assetVersion" : 51.0,
  "variableDefinition" : "variables.json",
  "uiDefinition" : "ui.json",
  "rules" : [
    {
      "type" : "templateToApp",
      "file" : "template-to-app-rules.json"
    },
    {
      "type" : "appToTemplate",
      "file" : "app-to-template-rules.json"
    }
  ],
  "releaseInfo" : {
    "templateVersion" : "1.0",
    "notesFile" : "releaseNotes.html"
  },
  "folderDefinition" : "folder.json",
  "externalFiles" : [ ],
  "lenses" : [ ],
  "dashboards" : [
    {
      "label" : "TagitLookup",
      "name" : "TagitLookup_tp",
      "condition" : "${Variables.Overrides.createAllDashboards}",
      "file" : "dashboards/TagitLookup.json"
    },
    {
      "label" : "TagUsage",
      "name" : "TagUsage_tp",
      "condition" : "${Variables.Overrides.createAllDashboards}",
      "file" : "dashboards/TagUsage.json"
    }
  ],
  "components" : [ ],
  "eltDataflows" : [ ],
  "recipes" : [ ],
  "datasetFiles" : [ ],
  "storedQueries" : [ ],
  "imageFiles" : [ ],
  "extendedTypes" : { },
  "templateDependencies" : [ ],
  "icons" : {
    "appBadge" : {
      "name" : "16.png"
    },
    "templateBadge" : {
      "name" : "default.png"
    },
    "templatePreviews" : [ ]
  }
}